{
  "$schema": "https://json-schema.org/draft/2020-12/schema",
  "title": "Ariel Submission",
  "type": "object",
  "properties": {
    "id": {
      "type": "string"
    },
    "mu": {
      "type": "array",
      "items": {
        "type": "number"
      },
      "minItems": 283,
      "maxItems": 283
    },
    "sigma": {
      "type": "array",
      "items": {
        "type": "number",
        "minimum": 0
      },
      "minItems": 283,
      "maxItems": 283
    }
  },
  "required": [
    "id",
    "mu",
    "sigma"
  ],
  "additionalProperties": false
}